{"cameraMode":{"drawMode":0,"name":"Shaded","section":"Shading Mode"},"sceneLighting":true,"audioPlay":false,"sceneViewState":{"showFog":true,"showMaterialUpdate":true,"showSkybox":true,"showFlares":true,"showImageEffects":true,"showParticleSystems":true},"in2DMode":false,"pivot":{"x":-3.806429862976074,"y":-11.314634323120118,"z":5.61422872543335},"rotation":{"x":0.5669652819633484,"y":0.09826815128326416,"z":-0.06836137175559998,"w":0.8149991035461426},"size":30.622983932495118,"orthographic":false}