{"cameraMode":{"drawMode":0,"name":"Shaded","section":"Shading Mode"},"sceneLighting":true,"audioPlay":false,"sceneViewState":{"showFog":true,"showMaterialUpdate":true,"showSkybox":true,"showFlares":true,"showImageEffects":true,"showParticleSystems":true},"in2DMode":false,"pivot":{"x":12.837482452392579,"y":28.052993774414064,"z":-32.742462158203128},"rotation":{"x":-0.0060704536736011509,"y":0.869883120059967,"z":-0.010708427056670189,"w":-0.49310609698295596},"size":20.22369956970215,"orthographic":false}